dataset,model,LAC_0.10_coverage_mean,LAC_0.10_coverage_std,LAC_0.10_setsize_mean,LAC_0.10_setsize_std,APS_0.10_coverage_mean,APS_0.10_coverage_std,APS_0.10_setsize_mean,APS_0.10_setsize_std,LAC_0.05_coverage_mean,LAC_0.05_setsize_mean,APS_0.05_coverage_mean,APS_0.05_setsize_mean
APTOS,RETFound x Ordinal CapsNet,0.9035,0.0062,1.3769,0.0163,0.9433,0.0036,1.8142,0.0329,0.9522,1.7955,0.9668,2.2206,0.9400,1.7858,0.9037,1.8361
APTOS,RETFound x MLP + K-1 sigmoid,0.9021,0.0057,1.3663,0.0189,0.9391,0.0028,1.8661,0.0254,0.9514,1.8208,0.9668,2.3657,0.9358,1.8226,0.8966,1.8407
APTOS,DINOv2  x Ordinal CapsNet,0.9058,0.0030,1.3217,0.0085,0.9483,0.0039,1.7613,0.0159,0.9525,1.6744,0.9724,2.0785,0.9448,1.7367,0.9082,1.7462
APTOS,DINOv2  x MLP + K-1 sigmoid,0.9002,0.0022,1.2906,0.0114,0.9454,0.0032,1.8039,0.0214,0.9495,1.6486,0.9699,2.1987,0.9425,1.7703,0.9123,1.6617
APTOS,RETFound x Ordinal CapsNet + LoRA,0.9026,0.0071,1.2756,0.0196,0.9423,0.0045,1.6920,0.0201,0.9481,1.6469,0.9642,1.9942,0.9393,1.6633,0.9129,1.6704
Messidor-2,RETFound x Ordinal CapsNet,0.9087,0.0122,2.3271,0.0487,0.9034,0.0111,2.4956,0.0462,0.9539,2.7794,0.9544,2.9739,0.9018,2.4878,0.9069,3.4376
Messidor-2,RETFound x MLP + K-1 sigmoid,0.9039,0.0120,2.2998,0.0498,0.9021,0.0087,2.4839,0.0638,0.9580,2.9073,0.9491,2.9947,0.9011,2.4961,0.9147,3.4094
Messidor-2,DINOv2  x Ordinal CapsNet,0.9028,0.0079,1.8537,0.0267,0.8950,0.0047,2.0314,0.0302,0.9530,2.3539,0.9502,2.6078,0.8959,2.0362,0.9041,2.7291
Messidor-2,DINOv2  x MLP + K-1 sigmoid,0.9030,0.0062,1.8335,0.0221,0.9044,0.0100,2.0310,0.0681,0.9518,2.3326,0.9548,2.5569,0.9053,2.0268,0.9085,2.5376
