dataset,model,alpha,score,coverage_mean,coverage_std,set_size_mean,set_size_std,noncontiguous_rate_mean,worst_class_coverage_mean
APTOS,RETFound x Ordinal CapsNet,0.10,lac,0.903459,0.006191,1.376937,0.016339,0.050900,0.701473
APTOS,RETFound x Ordinal CapsNet,0.10,aps,0.943314,0.003645,1.814161,0.032929,0.121788,0.801126
APTOS,RETFound x Ordinal CapsNet,0.10,raps,0.939955,0.004241,1.785798,0.029816,0.126158,0.785039
APTOS,RETFound x Ordinal CapsNet,0.10,ocp,0.942626,0.003659,1.880194,0.035005,0.000000,0.768533
APTOS,RETFound x Ordinal CapsNet,0.05,lac,0.952215,0.002639,1.795509,0.016199,0.062877,0.814021
APTOS,RETFound x Ordinal CapsNet,0.05,aps,0.966822,0.002481,2.220554,0.046458,0.154764,0.864688
APTOS,RETFound x Ordinal CapsNet,0.05,raps,0.963504,0.001671,2.173215,0.034103,0.162492,0.851169
APTOS,RETFound x Ordinal CapsNet,0.05,ocp,0.967591,0.002150,2.286789,0.049145,0.000000,0.837655
APTOS,RETFound x MLP + K-1 sigmoid,0.10,lac,0.902084,0.005657,1.366336,0.018939,0.023346,0.668601
APTOS,RETFound x MLP + K-1 sigmoid,0.10,aps,0.939106,0.002765,1.866114,0.025439,0.083957,0.769280
APTOS,RETFound x MLP + K-1 sigmoid,0.10,raps,0.935788,0.001883,1.822577,0.018836,0.086951,0.754795
APTOS,RETFound x MLP + K-1 sigmoid,0.10,ocp,0.937649,0.003381,1.908922,0.027394,0.000000,0.734285
APTOS,RETFound x MLP + K-1 sigmoid,0.05,lac,0.951446,0.002549,1.820838,0.018379,0.013231,0.801499
APTOS,RETFound x MLP + K-1 sigmoid,0.05,aps,0.966822,0.001863,2.365729,0.029120,0.069229,0.872661
APTOS,RETFound x MLP + K-1 sigmoid,0.05,raps,0.963342,0.001770,2.296015,0.033464,0.073154,0.853072
APTOS,RETFound x MLP + K-1 sigmoid,0.05,ocp,0.966539,0.001724,2.394295,0.030222,0.000000,0.852677
APTOS,DINOv2  x Ordinal CapsNet,0.10,lac,0.905806,0.003043,1.321667,0.008515,0.022901,0.675020
APTOS,DINOv2  x Ordinal CapsNet,0.10,aps,0.948331,0.003916,1.761279,0.015920,0.081246,0.818765
APTOS,DINOv2  x Ordinal CapsNet,0.10,raps,0.944770,0.003436,1.736719,0.018017,0.083188,0.809432
APTOS,DINOv2  x Ordinal CapsNet,0.10,ocp,0.948048,0.003990,1.810722,0.017130,0.000000,0.804186
APTOS,DINOv2  x Ordinal CapsNet,0.05,lac,0.952458,0.003402,1.674408,0.017322,0.035404,0.813484
APTOS,DINOv2  x Ordinal CapsNet,0.05,aps,0.972446,0.002642,2.078454,0.029498,0.124337,0.889694
APTOS,DINOv2  x Ordinal CapsNet,0.05,raps,0.968643,0.002720,2.035404,0.033218,0.137326,0.878223
APTOS,DINOv2  x Ordinal CapsNet,0.05,ocp,0.972729,0.002258,2.190208,0.033068,0.000000,0.873229
APTOS,DINOv2  x MLP + K-1 sigmoid,0.10,lac,0.900182,0.002207,1.290593,0.011354,0.017843,0.653722
APTOS,DINOv2  x MLP + K-1 sigmoid,0.10,aps,0.945418,0.003230,1.803884,0.021400,0.072911,0.810702
APTOS,DINOv2  x MLP + K-1 sigmoid,0.10,raps,0.942505,0.003258,1.770301,0.017217,0.076593,0.800199
APTOS,DINOv2  x MLP + K-1 sigmoid,0.10,ocp,0.946429,0.003420,1.839692,0.023442,0.000000,0.791084
APTOS,DINOv2  x MLP + K-1 sigmoid,0.05,lac,0.949545,0.002426,1.648594,0.013111,0.017641,0.797688
APTOS,DINOv2  x MLP + K-1 sigmoid,0.05,aps,0.969937,0.001900,2.198705,0.028708,0.096824,0.887903
APTOS,DINOv2  x MLP + K-1 sigmoid,0.05,raps,0.965365,0.002243,2.134534,0.035607,0.107303,0.872648
APTOS,DINOv2  x MLP + K-1 sigmoid,0.05,ocp,0.970059,0.002827,2.231803,0.037489,0.000000,0.886862
APTOS,RETFound x Ordinal CapsNet + LoRA,0.10,lac,0.902610,0.007104,1.275582,0.019581,0.007364,0.675827
APTOS,RETFound x Ordinal CapsNet + LoRA,0.10,aps,0.942302,0.004506,1.692049,0.020148,0.048837,0.788617
APTOS,RETFound x Ordinal CapsNet + LoRA,0.10,raps,0.939268,0.004918,1.663322,0.018909,0.049646,0.783063
APTOS,RETFound x Ordinal CapsNet + LoRA,0.10,ocp,0.943031,0.004331,1.711916,0.021878,0.000000,0.794343
APTOS,RETFound x Ordinal CapsNet + LoRA,0.05,lac,0.948129,0.004720,1.646895,0.024575,0.018086,0.800562
APTOS,RETFound x Ordinal CapsNet + LoRA,0.05,aps,0.964151,0.002112,1.994214,0.025058,0.100303,0.855010
APTOS,RETFound x Ordinal CapsNet + LoRA,0.05,raps,0.961036,0.002185,1.966943,0.013067,0.112482,0.846256
APTOS,RETFound x Ordinal CapsNet + LoRA,0.05,ocp,0.965729,0.002050,2.053652,0.029394,0.000000,0.860406
Messidor-2,RETFound x Ordinal CapsNet,0.10,lac,0.908716,0.012236,2.327064,0.048700,0.058716,0.727592
Messidor-2,RETFound x Ordinal CapsNet,0.10,aps,0.903440,0.011128,2.495642,0.046245,0.128211,0.741047
Messidor-2,RETFound x Ordinal CapsNet,0.10,raps,0.901835,0.012321,2.487844,0.047796,0.129358,0.741047
Messidor-2,RETFound x Ordinal CapsNet,0.10,ocp,0.900917,0.008415,2.539908,0.059378,0.000000,0.682095
Messidor-2,RETFound x Ordinal CapsNet,0.05,lac,0.953899,0.009157,2.779358,0.075150,0.058028,0.802934
Messidor-2,RETFound x Ordinal CapsNet,0.05,aps,0.954358,0.006544,2.973853,0.062583,0.142202,0.824592
Messidor-2,RETFound x Ordinal CapsNet,0.05,raps,0.951376,0.007798,2.950459,0.076333,0.143578,0.789216
Messidor-2,RETFound x Ordinal CapsNet,0.05,ocp,0.950688,0.004103,3.000688,0.049605,0.000000,0.744118
Messidor-2,RETFound x MLP + K-1 sigmoid,0.10,lac,0.903899,0.012036,2.299771,0.049832,0.009174,0.599142
Messidor-2,RETFound x MLP + K-1 sigmoid,0.10,aps,0.902064,0.008722,2.483945,0.063846,0.038073,0.702533
Messidor-2,RETFound x MLP + K-1 sigmoid,0.10,raps,0.901147,0.008440,2.496101,0.067979,0.038303,0.696283
Messidor-2,RETFound x MLP + K-1 sigmoid,0.10,ocp,0.906422,0.006511,2.509633,0.057278,0.000000,0.686520
Messidor-2,RETFound x MLP + K-1 sigmoid,0.05,lac,0.958028,0.007696,2.907339,0.076540,0.005046,0.812092
Messidor-2,RETFound x MLP + K-1 sigmoid,0.05,aps,0.949083,0.006750,2.994725,0.070382,0.032569,0.787195
Messidor-2,RETFound x MLP + K-1 sigmoid,0.05,raps,0.948394,0.006881,3.002064,0.066027,0.034174,0.755229
Messidor-2,RETFound x MLP + K-1 sigmoid,0.05,ocp,0.949312,0.008377,3.032339,0.079615,0.000000,0.737908
Messidor-2,DINOv2  x Ordinal CapsNet,0.10,lac,0.902752,0.007892,1.853670,0.026744,0.041055,0.608824
Messidor-2,DINOv2  x Ordinal CapsNet,0.10,aps,0.894954,0.004734,2.031422,0.030164,0.099083,0.653922
Messidor-2,DINOv2  x Ordinal CapsNet,0.10,raps,0.895872,0.007925,2.036239,0.037886,0.101606,0.653922
Messidor-2,DINOv2  x Ordinal CapsNet,0.10,ocp,0.891743,0.005739,2.032798,0.037383,0.000000,0.631046
Messidor-2,DINOv2  x Ordinal CapsNet,0.05,lac,0.952982,0.008551,2.353899,0.071575,0.050229,0.688562
Messidor-2,DINOv2  x Ordinal CapsNet,0.05,aps,0.950229,0.007865,2.607798,0.059412,0.147477,0.665686
Messidor-2,DINOv2  x Ordinal CapsNet,0.05,raps,0.951376,0.008570,2.622706,0.068800,0.147706,0.665686
Messidor-2,DINOv2  x Ordinal CapsNet,0.05,ocp,0.946789,0.005963,2.569725,0.036268,0.000000,0.653922
Messidor-2,DINOv2  x MLP + K-1 sigmoid,0.10,lac,0.902982,0.006222,1.833486,0.022123,0.006422,0.682353
Messidor-2,DINOv2  x MLP + K-1 sigmoid,0.10,aps,0.904358,0.009961,2.030963,0.068116,0.037385,0.615033
Messidor-2,DINOv2  x MLP + K-1 sigmoid,0.10,raps,0.905275,0.008446,2.026835,0.063671,0.035780,0.592157
Messidor-2,DINOv2  x MLP + K-1 sigmoid,0.10,ocp,0.902523,0.012520,2.015596,0.066524,0.000000,0.603268
Messidor-2,DINOv2  x MLP + K-1 sigmoid,0.05,lac,0.951835,0.009918,2.332569,0.075775,0.007798,0.682353
Messidor-2,DINOv2  x MLP + K-1 sigmoid,0.05,aps,0.954817,0.006264,2.556881,0.057292,0.058486,0.737908
Messidor-2,DINOv2  x MLP + K-1 sigmoid,0.05,raps,0.954587,0.007965,2.540826,0.060246,0.042202,0.721242
Messidor-2,DINOv2  x MLP + K-1 sigmoid,0.05,ocp,0.953670,0.007275,2.567202,0.088719,0.000000,0.721242
